case_id,justice_id,turn_position,justice_utterance,preceding_speaker,preceding_context,side_addressed,label
2005_04-1067,j__clarence_thomas,156,"Mr. Dreeben, is it... is this case materially different if she simply ran upstairs, grabbed the straw, brought it down, and handed it to the police officer?
It's, in effect, the same thing, isn't it?",michael_r_dreeben,"--Well, in this case, as in many other cases involving this kind of potential incident, the wife called the police to the scene.
So, there was a reason for them to be on the scene.
It was a perfectly valid investigatory step.
And once they acquired the information relating to drugs on the premises, and had the authority of someone who's in charge of the premises, I submit that the police should be able to conduct the search as a reasonable matter under the Fourth Amendment, just as they would if Respondent had been asleep or if Respondent had said,
""Well, I have to go now. ""
""Am I free to go? ""
and the police said that, ""You are"".
And I don't think that it always would be an advantage for the nonconsenting tenant, somebody like Mr. Randolph, to insist on the police getting a warrant or conducting a probable cause arrest.
If he's arrested, he's taken down to the station, he has a search incentive to arrest, he may not get a hearing for 48 hours.
If the police do have to get a warrant, they are entitled to search anywhere and everywhere in the premises; whereas, in this case, one of Respondent's main claims is that she wasn't credible.
Well, if she wasn't credible, and she had led the police upstairs, and the police had found nothing, that might have been the end of the whole incident.
And I think that it's because of the socially valuable function of efficiently resolving accusations, potentially dueling accusations of criminal conduct that consent searches can facilitate, that this Court has said that consent searches are a positive social good and should be encouraged, rather than discouraged.",0,1
2005_04-1067,j__clarence_thomas,272,"The... but this was not an uncabined search.
That's my problem.
What you're... what you're... the bottom, you're saying to us, is that it's not unreasonable... an unreasonable search if she went upstairs and brought the straw down, right?",thomas_c_goldstein,"--Justice Breyer, the Court has precedent on this very point, and that is... and, Justice Souter, he is asking about reasonable expectations of privacy... Minnesota versus Olson.
The Court considered this and said the very reason that person had standing and could... had a Fourth Amendment right is because they did have a reasonable expectation of privacy in the premises, that, even though they had no property rights to keep any... this is the overnight guest... had no property rights to keep anybody out at all, their expectation... their reasonable expectation of privacy for Fourth Amendment purposes... is that if somebody wanted to come in, to which they objected, that objection would be honored.
Now, I don't want to lose sight of the fact that our position is the balance; and that is, we don't tell the police to go away.
We say,
""Look, if she tells you that there's contraband in the house, she can bring it out. ""
That's the Coolidge case.
And I do think, Justice Thomas, that there is a difference in kind, not degree, in giving something to someone and then having... versus having a uncabined search of a house.
The complaint--",1,1
2005_04-1067,j__clarence_thomas,274,"Okay.
But you're saying it is an unreasonable search for her to lead the police officer to the straw.",thomas_c_goldstein,"--Yes, because that's not a search.",1,1
2005_04-1067,j__clarence_thomas,276,Which is what she did.,thomas_c_goldstein,Justice--,1,1
2005_04-1067,j__clarence_thomas,278,But she withdrew it after he observed the straw.,thomas_c_goldstein,"--Justice Thomas, it's how it played out, because they stopped the search then, because she withdrew her consent.
But what she authorized was something very different.
She--",1,1
2005_04-1327,j__clarence_thomas,165,"Counsel, before you change subjects, isn't it more accurate that the trial court actually found that the evidence met the Gregory standard?",<INAUDIBLE>,"--It's some evidence for the defense, but the problem is it lacked corroboration.
It wasn't given in a timely manner.
If you contrast that to the situation which occurred in Chambers v. Mississippi, there was an entire information that the Chambers situation had independent of the third party statement which supported and showed that that information did have persuasive assurances of reliability.
That was lacking in this particular case.
I see my time is about up, but I would--",,1
2005_04-1327,j__clarence_thomas,167,"Well, he says--",<INAUDIBLE>,"--No.
He specifically found, I believe, from my reading--",,1
2005_04-1327,j__clarence_thomas,169,"--Well, he says at first blush, the above arguably rises to the Gregory standard.
However, the engine that drives the train in this Gregory analysis is the confession by Jimmy McCaw White.
And then he goes on to say that that, of course, can't be introduced because it's hearsay.
So it... it seems as though he says that if it is to be believed what Jimmy White says, it meets the Gregory standard.
So I don't quite understand where Gay, which is subsequent to... to this case... where Gay comes in because it didn't seem to be the standard that the trial court applied.",<INAUDIBLE>,--that it didn't meet the Gregory standard.,,1
2005_04-52,j__clarence_thomas,195,"Counsel, is there anything in the record to alert us to the race of the prosecutor?",mark_r_drozdowski,"Absolutely, and I think it has merit here because it's... it's a reason the district attorney admitted that was motivating her strike.
It's... it's patently unconstitutional and it taints every other reason she gave.",1,1
2005_04-52,j__clarence_thomas,197,"Would it make any difference?
There seemed to be some suggestion that there are stereotypes at play in these Batson cases.",mark_r_drozdowski,There is not besides her name.,1,1
2012_11-9953,j__clarence_thomas,189,"Well -- he did not [sotto voce] provide adequate counsel.
[Laughter]",carla_s_sigler,"Yes, Your Honor.",1,0
2015_14-10154,j__clarence_thomas,150,"Ms. Eisenstein, one question. Can you give me -- this is a misdemeanor violation.
It suspends a constitutional right.
Can you give me another area where a misdemeanor violation suspends a constitutional right?",ilana_eisenstein,"Your Honor, the rule of lenity only applies where there is grievous ambiguity in the statute.
And I respectfully submit that there is no such grievous ambiguity.
Congress's intent was clear, and this Court already found as much, in Castleman and in Hayes, which is that there was a class of offenses that Congress intended to cover by the statute which were generally applicable assault and battery statutes. And the rule that Petitioner suggests would exclude all of those offenses and would frustrate that clear purpose of Congress, so lenity doesn't apply for that reason.
And there's no ambiguity, not only as to the purpose, but as to -- as to what battery itself encompasses.
Petitioners have tried to argue that battery, either at common law or in contemporary practice, that there was some requirement of an intent to do harm.
And the overwhelming weight and universal weight of authority points the opposite direction.
Even the sources cited by Petitioner establish that at common law, there was no requirement for the intent to do harm. And certainly States, in adopting their assault and battery provisions, have modeled that -- that formulation. Another way to look at this is -- outside of the common law, is the way that Taylor examined the statute of burglary under the ACCA offense, which is to -- rather than turning just to the common law, as to view this as covering generic battery.
And -- and when looked at that way under the contemporary practice, the Model Penal Code and the uniform opinion of the courts of appeals and commentators all have concluded that battery was not limited to a purpose to cause a resulting harm, but included contact that could be reckless. In the face of Petitioner's hypotheticals, Petitioner struggles to even conceive of a hypothetical example of where there is a reckless battery that would -- against a family member that would not constitute a misdemeanor crime of domestic violence. The converse is that Congress enacted Section 19 -- 922(g)(9) to address a vital -- vital public safety problem.
It identified those who had been convicted of battering their family members as posing a dramatically increased risk of perpetrating future gun violence against their family. This Court should continue to interpret Section 922(g)(9) in light of that compelling purpose. If there are no further questions.",1,1
2015_14-10154,j__clarence_thomas,152,"Well, I'm -- I'm looking at the -- you're saying that recklessness is sufficient to trigger a violation -- misdemeanor violation of domestic conduct that results in a lifetime ban on possession of a gun, which, at least as of now, is still a constitutional right.",ilana_eisenstein,"Your Honor, I -- I'm thinking about that, but I think that the -- the question is not -- as I understand Your Honor's question, the culpability necessarily of the act or in terms of the offense --",1,1
2015_14-10154,j__clarence_thomas,154,Can you think of another constitutional right that can be suspended based upon a misdemeanor violation of a State law?,ilana_eisenstein,"Your Honor, to address --",1,1
2015_14-10154,j__clarence_thomas,156,I'm -- this is a -- how long is this suspension of the right to own a firearm?,ilana_eisenstein,"Your Honor, while I can't think of specifically triggered by a misdemeanor violation, other examples, for example, in the First Amendment context, have allowed for suspension or limitation of a right to free speech or even free association in contexts where there is a compelling interest and risks associated in some cases less than a compelling interest under intermediate scrutiny.",1,1
2015_14-10154,j__clarence_thomas,158,"Okay.
So can you think of a First Amendment suspension or a suspension of a First Amendment right that is permanent?",ilana_eisenstein,"Your Honor, the right is suspended indefinitely.",1,1
2015_14-10154,j__clarence_thomas,160,"So in each of these cases had -- did any of the defendants, or in this case Petitioners, use a weapon against a family member?",ilana_eisenstein,"Your Honor, it's not necessarily permanent as to the individual, but it may be permanent as to a particular harm.
And here Congress decided to intervene at the first instance that an individual is convicted of battering their family members because it -- it relied on substantial and well-documented evidence that those individuals pose a -- a long-term and substantial --",1,1
2015_14-10154,j__clarence_thomas,162,"So that the -- again, the suspension is not directly related to the use of the weapon.
It is a suspension that is actually indirectly related or actually unrelated.
It's just a family member's involved in a misdemeanor violation; therefore, a constitutional right is suspended.",ilana_eisenstein,"In neither case did they, but these Petitioners --",1,1
2015_14-10154,j__clarence_thomas,164,Even if that -- if even if that violence is unrelated to the use -- the possession of a gun?,ilana_eisenstein,"Yes, Your Honor, but I believe that in terms of the -- the relationship between Congress's decision to try to prevent domestic gun violence and its means of doing so --",1,1
2015_14-10154,j__clarence_thomas,166,"Well, let's -- let's say that a publisher is reckless about the use of children, and what could be considered indecent displays and that that triggers a violation of, say, a hypothetical law against the use of children in these ads, and let's say it's a misdemeanor violation.
Could you suspend that publisher's right to ever publish again?",ilana_eisenstein,"Well, Your Honor, I think the studies that Congress relied upon in formulating the -- the misdemeanor crime of domestic violence ban didn't -- were directly about the use of a gun because what they showed is that individuals who have previously been -- battered their spouses, pose up to a six-fold greater risk of killing, by a gun, their family member.",1,1
2015_14-10154,j__clarence_thomas,168,So how is that different from suspending your Second Amendment right?,ilana_eisenstein,"Your Honor, I don't think you could suspend the right to ever publish again, but I think that you could limit, for example, the manner and means by which publisher --",1,1
2015_14-10154,j__clarence_thomas,170,Would you have a better case if this were a gun crime?,ilana_eisenstein,"Your Honor, I think that in terms of a -- the compelling purpose that was identified here, which was the prevention of gun violence and the individual nature of the -- of the underlying offense, so here this isn't a misdemeanor crime directed at any person at large.
These are misdemeanor batteries directed at members -- specified members of the -- of that individual's family.
Congress --",1,1
2018_17-9572,j__clarence_thomas,232,"Ms. Johnson, did you -- would you be kind enough to tell me whether or not you exercised any peremptories?",sheri_lynn_johnson,"Unless this Court has further questions, I will waive rebuttal.",0,0
2018_17-9572,j__clarence_thomas,234,"Well, did your -- were any peremptories exercised by the defendant?",sheri_lynn_johnson,I was not the trial lawyer.,0,0
2018_17-9572,j__clarence_thomas,236,And what was the race of the jurors struck there?,sheri_lynn_johnson,They were.,0,0
2019_19-631,j__clarence_thomas,15,"Thank you, Chief Justice. Mr. Stewart, it would seem a bit odd, as you suggest, that we sever the exception, but, here, it doesn't seem -- this remedy doesn't seem to give anything to Respondent.
It doesn't add any more speech for that for the Respondent.
And it seems to be taking speech actually away from someone who's not in this case.",malcolm_l_stewart,-- would clearly have --,0,0
2019_19-631,j__clarence_thomas,17,"Well, I'd like to shift gears and -- and focus, just ask the question about your strict scrutiny analysis. You seem to focus on the interest that the individual has in privacy of the cell phone. But it would seem to me that that privacy interest is actually not nearly as great as you would -- as a person would have in the landline phone at home or in even someone knocking on their front door.",malcolm_l_stewart,"I mean, that -- that may be true, but the Court's task in determining the appropriate remedy is to kind of follow established principles of severability, to look to indicia of Congress's likely intent. And if the result is that the plaintiff at the end of the day doesn't get the practical result that it was looking for, that's not a reason to kind of re-jigger the constitution -- the severability analysis.
I mean, it -- it often is the case that a plaintiff can achieve a practical victory only on -- by prevailing on both of two legal questions. And sometimes it is a question both of the merits of the claim and of the appropriate remedy.
And if a court holds that, yes, you were right, you've established the existence of a violation, but the statute read properly simply doesn't authorize the remedy you seek, that that's one of the chances that the plaintiff takes when it pursues a claim that depends on prevailing on two separate legal propositions. The plaintiff persuaded the court as to one legal proposition, didn't persuade the court as to a second proposition that was really essential to getting the practical result it wanted -- that's not an unusual situation in the law.",0,0
2019_19-631,j__clarence_thomas,90,"Thank you, Mr. Martinez.
The -- the problem that I have is you -- you just said that the -- the issue, that the real problem here is the restriction.
But the evidence -- the focus here is on the exception, the restrict -- if you solve the exception problem, it doesn't solve your restriction problem, particularly if you sever that. And that's the -- sort of the asymmetry that's coming out.
The problem is one thing, that is, that the restriction, but the constitutional problem is really the exception. But then the -- so why don't you -- I'd like you to explain why -- what you just said, why the restriction is the constitutional problem as opposed to the exception.",roman_martinez,But even as to the intent --,1,0
2019_19-631,j__clarence_thomas,92,Yes.,roman_martinez,"Right.
And let me start with the -- with -- with the two things that I think the exception does.
Number one is it in -- introduces a content-based distinction.",1,0
2019_19-631,j__clarence_thomas,94,So what --,roman_martinez,"And it defines the scope of the restriction and therefore triggers strict scrutiny. But, number two, and more importantly for purposes of our constitutional theory, what the exception does is it reveals the underlying frailty, the underlying insufficiency of the justification for the restriction. And why does it do that? It does it because you have Congress saying because we want to get more money, we are willing to trade off privacy for revenue.
And so Congress is coming in and making a judgment that money is more important than privacy.",1,0
2019_19-631,j__clarence_thomas,96,-- would your argument be if the exception did not exist?,roman_martinez,And I think --,1,0
2019_19-631,j__clarence_thomas,98,But what would the --,roman_martinez,"If the exception did not exist and we were looking at the law today, I think -- I think our argument would be weaker, but I think we would still be able to show that the restriction would be unjustified. And I think the --",1,0
2019_19-631,j__clarence_thomas,100,"-- content-based -- I mean, what would the analysis be?",roman_martinez,-- main thing we would --,1,0
2019_19-465,j__clarence_thomas,17,"Thank you, Chief Justice. Mr. Lessig, just a preliminary question.
Should we ask ourselves whether or not the State is granted the authority to regulate the vote of the elector, or are -- is -- should we ask ourselves whether the Constitution prohibits the State?",lawrence_lessig,"Well, Your Honor, that obligation requires the states to pick a select slate of electors that fits with the winner of the national popular vote, and that slate of electors then would have the same discretion, legal discretion, that we believe any elector has. But, of course, if there's a national popular vote compact, the number of electors for the winner would be so significant, it would be very hard to imagine any discretion affecting the ultimate result.",0,0
2019_19-465,j__clarence_thomas,19,"So when -- when you make your -- I'm curious.
When you make your federal function argument, is that -- does that depend in part on the fact -- on the -- on the -- your view that the elector has discretion?",lawrence_lessig,"Your Honor, I think you can ask the question both ways, and it's the same answer both ways.
The only argument the State has made in Washington, in the Washington case, is an argument grounded in the Appointment Clause.
They don't invoke the Tenth Amendment. So that would -- the question is whether the Appointment Clause gives them power to control, and we believe they do not. But then you can look at it from the other side and ask, as an elector who is given an obligation to vote by ballot, does that obligation entail a protection from legal regulation? And we believe, just as the Speech and Debate Clause does, it creates an immunity from being punished for how one votes.",0,0
2019_19-465,j__clarence_thomas,21,How do we determine what the contours of this federal function -- of the federal function would be?,lawrence_lessig,"The federal function establishes the discretion, Your Honor.
It's exactly the same as in the cases of Hawke and Leser, where the question was a state legislature's -- a legislator's discretion to vote on an Article V amendment. And, of course, a state legislator works for the state.
He works for the people of the state, he works subject to the constitution of the state.
But what Hawke and Leser establish is that that state legislator is free of the impositions of the state, either through referendum or a constitutional -- the constitution itself, when that legislator votes on an Article V amendment. And that's the same immunity that we think a presidential elector has.",0,0
2019_19-465,j__clarence_thomas,23,But does the -- does the Twelfth Amendment mention discretion?,lawrence_lessig,"I would -- I would look just to the text.
The federal function in balloting, as Ray described it, is the function in casting a ballot, as the Twelfth Amendment describes, and then the additional steps the Twelfth Amendment requires, which is to name the President and Vice President, make lists and so forth, sign and certify and send it forward. That's the function which the Constitution gives to electors, distinct from the power to appoint, which Ray also describes.",0,0
2019_19-465,j__clarence_thomas,25,"You know, can the State remove someone, for example, that's -- I just wonder what limits -- what authority the State actually has here. Can the State remove someone who openly solicits payments for his or her vote?",lawrence_lessig,"No.
The Twelfth Amendment mentions the votes, and, of course, by requiring that someone make a list of the people that were voted for, it implies that there's more than one person that could be voted for. But, of course, the Twelfth Amendment also doesn't mention the State at all.
Yet the way the State conceives of it, the State -- the State is a proctor that stands in the room as the electors cast their votes, looking over their shoulder.
But that's nowhere in the Twelfth Amendment, Your Honor.
The State doesn't appear in the Twelfth Amendment, except to name where the electors will meet.",0,0
2019_19-465,j__clarence_thomas,27,So -- but where --,lawrence_lessig,"You can certainly -- of course, this Court has said in Burroughs and in Fitzgerald v. Green, the state can certainly regulate corruption, and bribery would be corruption.
And we believe that it's absolutely clear that the State has that -- the government has that power right now.",0,0
2019_19-465,j__clarence_thomas,29,-- so where's the authority? Where does that come from?,lawrence_lessig,The question that --,0,0
2019_19-465,j__clarence_thomas,141,"Yes, thank you, Chief Justice. General Purcell, just to -- to clarify, could you give us precisely some of the limitations on the restrictions that the State can impose on elect -- on the electors? I understand you can require them to show up for the vote.
I understand that the -- you have the limit of what's constitutional. But, beyond that, what -- what -- what else limits you?",noah_purcell,"No, Mr. Chief Justice. My -- my -- my -- the critical point is that if the condition is constitutional, then the condition can be enforced by removal or by sanction, just as it has been since before 1800. So, if the condition is you have to show up for the meeting of the Electoral College, the State can enforce that.
If the condition is you have to pledge to vote for the candidate chosen by the state's voters, we know that's a valid condition, the State can enforce it.
So that's the crucial --",1,0
2019_19-465,j__clarence_thomas,143,"Yeah.
Well, I guess that's why we're here, but one other question. The -- I'm interested in, you know, the -- what you think and how we -- how you would define the scope of the federal function concept.",noah_purcell,"Well, I think those are meaningful limits, Justice Thomas, and those are the limits -- this Court has said that the power of states over appointment is exclusive, is plenary. Obviously, as I said, the Equal Protection Clause imposes limits.
Other constitutional provisions, like the Presidential Qualifications Clause, impose limits, such that states can't, for example, restrict electors' choice of who they can vote for in a way that would violate the Presidential Qualifications Clause. But, other than that, the states have plenary authority to appoint electors and to set valid conditions.
And if -- if the condition is valid, if the condition is constitutional, then the condition can be enforced.
That's -- that's our position.",1,0
2019_19-518,j__clarence_thomas,19,"Thank you, Mr. Chief Justice. General, you start your brief questioning standing in this case.
I wonder if you think, under our precedent, there's standing when a person is removed from an elected office?",philip_j_weiser,"Your Honor, we disagree. The Constitution clearly gives states plenary power over electors and as -- acting as a steward of the presidential election system. That means, if electors were to take a bribe, for example, or not to show up, it's on the State to address that point.
If you only left this to Congress in the final instance, that would mean that all Congress could do is remove the elector, not have it be counted. What the states can do is replace an elector and make sure that the state has the constitutionally authorized votes in the Electoral College.
As such, the states play a critical role, and that role includes the power to remove.",0,1
2019_19-518,j__clarence_thomas,21,"So, in -- in a removal case, at what point do you think there would be an injury in fact?",philip_j_weiser,"Your Honor, the past cases involving removal from an elected office, like Powell, for example, involve an official with a salary.
What's unique here is there's no salary or other personal injury. What's at issue here is the institutional role itself.
And as this Court made clear in Smith and a line of cases, an individual doesn't have standing to challenge an institutional role that he or she may believe is unconstitutional.",0,1
2019_19-518,j__clarence_thomas,23,"On -- on a separate issue, you know, throughout, I guess, our history, there have been not pledges among electors.
But can you point to me -- point out the first state law that required pledges in our history?",philip_j_weiser,"Justice Thomas, insofar as someone gives up a salary, like in Humphrey's Executor, you have injury in fact.
If it is a honorary position, a volunteer position, there's no personal injury, there's merely a quarrel with the institutional role.",0,1
2019_19-518,j__clarence_thomas,25,"You attach yourself to the arguments of General Purcell, so I do want you to -- I understood his comments on -- on the federal -- scope of the federal function concept or argument.
Could you give me what your take is on that?",philip_j_weiser,"I can, Justice Thomas. It was Oregon.
It did so in the late 19-teens. And what I want to underscore is that wasn't the first time an elector was removed for violating a pledge. In 1912, Nebraska, without any elector binding law, did remove an elector who had promised to violate the pledge because the court, in that case, the Nebraska Supreme Court, said it would have been a fraud on the people of Nebraska.",0,1
2019_19-518,j__clarence_thomas,27,"Thank you, General.",philip_j_weiser,"With pleasure, Justice Thomas.
Our view is that doctrine doesn't really fit here.
Under the Constitution, it's the role of the states as stewards overseeing the presidential election process. The typical federal function case, like McCulloch versus Maryland, you're worried about a state interfering with a federal official.
Here, as this Court has made clear multiple times, electors are not federal officials.
They are appointed by and oversee and transmit the vote of the states.",0,1
2019_19-518,j__clarence_thomas,119,"Yes, thank you, Mr. Chief Justice. Counsel, you mentioned that senators are free to vote or members of the House of Representatives, but there's some degree of accountability for them when they vote a particular way. What's the accountability here for an elector who strays from what is expected?",jason_harrow,"Not legally, no, Your Honor.
And that shouldn't be surprising because that's the same prohibition that applies to congressional electors, who cannot sell their votes, even though, as a condition of participating in a primary -- and we cite these cases extensively in our reply briefs -- there you can force regular voters to take pledges and oaths to support a party.
You just can't cross that line and enforce them.",1,1
2019_19-518,j__clarence_thomas,121,"But there's also accountability in chambers -- within the Senate, there's accountability as far as removal from office. But you're saying that with an elector, that those other forms of accountability are not available?",jason_harrow,"There are several forms of accountability, Justice Thomas.
The first, of course, is the selection process, because they are party people and, in all 50 states, they're selected by the political parties. From there, after the vote, they can be kicked out of the political party.
They cannot win election.
They -- they can have negative political consequences.
And that's the exact same thing with senators, right? Senators do have accountability, but that accountability comes six years later.
So, if a U.S. Senator, Justice Thomas, promises to support only low taxes and then at every opportunity raises taxes, their only accountability is six years later.
That's the nature of political discretion, and that's the discretion electors have here.",1,1
2019_19-518,j__clarence_thomas,123,"But let's say the -- you know, you mentioned with respect to the State that the State could not -- that after someone dies, that their system is so rigid that you can't make changes because of the -- the death of the candidate. But I think that, on your side, you -- as the Chief Justice alluded to, you have a similar problem because the elector, who had promised to vote for the winning candidate, could suddenly say, you know, I'm going to vote for Frodo Baggins, and that's -- I really like Frodo Baggins.
And you're saying, under your system, you can't do anything about that.",jason_harrow,"They are, Your Honor. There is absolutely party discretion, party meetings, just like any other representative body. And -- and just to -- to quibble slightly, Justice Thomas, with what you said in terms of removal of a U.S. Senator, there's no precedent that we have found of a U.S. Senator being removed, perhaps even by an appointing governor in the case of a vacancy, on the basis of a vote.
Certainly, some sort of criminal misconduct, sure, but not on the basis of a vote.
And that's the -- really the same analogy here.",1,1
2019_19-518,j__clarence_thomas,125,Thank you.,jason_harrow,"Your Honor, I -- I think there is something to be done because that would be the vote for a non-person, you know, no -- no matter how big a fan many people are of Frodo Baggins. That -- that said, I do think the important point is that the framers hashed out these competing concerns.
They hashed it out in Philadelphia in 1787.
They understood the stakes, and they said, among these competing hypotheticals, electors are best placed to make the ultimate selection.
That hasn't changed, Justice Thomas.",1,1
2019_19-431,j__clarence_thomas,18,"General Francisco, a quick question about HRSA's broad authority. You seem to, as you did in your past -- your last answer, suggest that HCRA has almost unlimited authority to both create guidelines and exceptions from those guidelines. First, if you would give us just an idea of what standards are to guide that -- their discretion and -- and the services that are provided, as well as the exemptions that are offered by the guidelines.",noel_j_francisco,"Yes, Your Honor. Respectfully, the church exemption and the effective exemption for self-insured church plans read much more broadly.
They encompass not just churches and their integrated auxiliaries but elementary schools, high schools, colleges, universities, charitable organizations, hospitals, and other healthcare organizations.
So I don't think that they're authorized by the so-called ministerial exception.
Rather, they're authorized by Section 13(a)(4) and by RFRA.",0,1
2019_19-431,j__clarence_thomas,20,At what point do you run into a non-delegation problem?,noel_j_francisco,"Yes, Your Honor. I think there are three limitations that I would point to.
First, because HRSA has the discretion not to require any contraceptive coverage at all, as this Court acknowledged in Hobby Lobby, I think that that plainly encompasses the discretion to require coverage by most employers but not the small number with sincere conscientious objections. Secondly, it's further constrained by the APA's requirement for reasoned decision-making which prohibits arbitrary -- which would prohibit arbitrary exemptions. And, third, I think that the term ""preventive services"" in the statute itself potentially provides yet another limitation since, at the very least, that would encompass the types of things that governments traditionally take into account when regulating in this area, including the impact that their regulations would have on religious believers. And I'd point you to the Federal Register, 83 Federal Register at 58598, where the government goes through in detail the history of according conscientious objectors protections when regulating in these very sensitive medical areas.",0,1
2019_19-431,j__clarence_thomas,74,"Thank you, Chief Justice. Mr. Clement, the -- the -- I'd like you to have an opportunity to comment on the questionable standing of the states in this case, as well as the proliferation of national -- nationwide injunctions, such as the one in this case.",paul_d_clement,And as long as they insisted on --,0,1
2019_19-431,j__clarence_thomas,122,"General, just a brief question that's a little different. I'm interested in your view on standing.
And with your argument for standing in this case, that challenge a regulation, the government's regulation that might impact your costs, the state's costs, seems to suggest that any time there's a rule change at the federal level that affects you, you would have standing. And then that, again, following this case to its remedy of a nationwide injunction, would suggest that in these sorts of cases, a nationwide injunction would be appropriate. I'd like you to have -- to comment on that.
It seems to be somewhat problematic and to suggest that there's a problem with both standing and nationwide injunctions if they are this easy to -- to get.",michael_j_fischer,"Mr. Chief Justice, our answer is that that is the only reasonable reading of the text of the Women's Health Amendment.
The ""who must provide"" is answered by the beginning of 13(a).
It says, ""A group health plan and health insurance issuer offering individual health insurance coverage shall at a minimum provide coverage for, and shall not impose any cost-sharing requirements for."" Now ""shall"" is mandatory, as this Court recently acknowledged again in the -- the cost-sharing case recently dealing with the ACA. Below that language, there are four separate categories of services to be covered.
Nobody disputes that the first three are mandatory, that all covered insurers must cover the first three. The only dispute comes in the fourth one, which is, with respect to women, such additional preventive care as provided for in comprehensive guidelines. And in the hypothetical that -- that Your Honor referred to, which I believe is in the -- the Texas amicus brief, they modified the language of this requirement by taking out the ""such additional"" language.
That language is key because it answers the question of what services are insurers to provide. Well, with respect to women, it is such additional preventive care and screenings as provided for in comprehensive guidelines.
So ""as provided for"" clearly modifies ""such additional care and screenings."" It doesn't go beyond that in giving --",1,1
2019_19-431,j__clarence_thomas,124,Thank --,michael_j_fischer,"Thank you, Your Honor. And to -- to be clear, we have to satisfy standing requirements just as any other litigant has to show standing.
And we did in this case by showing that the rules would impose costs on Pennsylvania and New Jersey, and that is in some way sort of the most basic type of injury that all parties, not just states, allege in showing harm. Now my friend on the other side referred to Massachusetts versus EPA, which certainly recognizes that states have a special place in our constitutional order.
However, we still demonstrated that based on the government's own estimates of the number of women affected, these rules would impose direct costs on us. And with respect to the question about nationwide injunctions, first of all, I want to stress that we're here in a preliminary posture. We were granted a preliminary injunction.
We've moved for summary judgment.
The government requested that the case be stayed.
The district court granted that.
We could have the case wrapped up now. The analysis with respect to nationwide injunctions is different, we submit, in the context of an APA challenge, where the ultimate remedy available is that the Court shall set aside a rule that is invalid. If courts sort of were able to slice and dice rules and say, well, agency, you can enforce this with this person, but it stays in effect as to everybody else, the result really would be regulatory chaos. So where a challenge is brought under the APA to a regulation, taking account of that final remedy that's available, granting preliminary relief on a nationwide basis is appropriate. It was also appropriate here because the district court found in a very thorough, very well-reasoned discussion that acknowledged Your Honor's concerns, as expressed about nationwide injunctions, discussed this idea that -- that there's significant cross-border harms here that simply couldn't be addressed in a more narrow injunction.",1,1
2019_19-431,j__clarence_thomas,126,"-- you.
The -- it would seem, though, that -- that, ultimately, you could get, if that's the argument, nationwide injunctions with virtually any regulatory change.",michael_j_fischer,And --,1,1
2019_19-431,j__clarence_thomas,128,I don't mean to cut you off --,michael_j_fischer,"I don't believe that's the case, Your Honor.
I would -- I would think that there are many regulations that are not going to impose costs on the states directly or indirectly. And -- and, certainly, in a nationwide injunction context, I think it would still depend on the specifics of the rule being challenged and the nature of the harm that the challengers are alleging. And -- and as I again indicated, the -- the district court really took account of all these concerns, talked about the need for percolation among the circuit courts, and -- and acknowledged, frankly, in -- in plain terms that fashioning preliminary relief is an imperfect science, that district courts try their best and they're reviewed for the abuse of discretion standard.
I think that --",1,1
2019_19-431,j__clarence_thomas,130,"-- but one -- I do want to get in one question about when the APA was adopted, do you think there were such things as nationwide injunctions, or were they handled on a case-by-case basis?",michael_j_fischer,-- is what --,1,1
2019_18-9526,j__clarence_thomas,7,"Yes, counsel.
In Solem and in Parker, those cases only involved the disposition of surplus land.
And, here, of course, there's much, much more being done in a whole series of statutes involving both sovereignty and the allotment of land. Can you point to any case in which we've applied the Solem fact framework to a case that does as much as this -- as being -- as is being done in this case?",ian_h_gershengorn,"So, Your Honor, I think both the precedent and the language support the idea that this is not a dependent Indian community.
What this Court said in Venetie and what Judge -- then Judge Gorsuch said in Hydro Resources is that the dependent Indian community label is a catchall for tribes that did not have a reservation and are not on restricted lands.
The best evidence of what Congress thought about whether Creek lands were a reservation under the statute is that Congress referred to those lands as a reservation under the statute. With respect to Sandoval and the other cases, it is crystal-clear that when Sandoval and those cases are using the term ""dependent Indian community"" that they are describing tribes and other groups that are within Congress's broad power to legislate for -- for tribes broadly.
They are not excluding the -- the Creek. Indeed, and --",0,0
2019_18-9526,j__clarence_thomas,9,"I don't mean to interrupt you, but I do want to get this point in, that in -- in Parker, we were only dealing with one allotment statute that was disposing of surplus land.
Here, we're dealing with a series of statutes that go both to land, the allotment of land, and to the reduction in the authority of the tribe.
That's what I mean.",ian_h_gershengorn,"So, Your Honor, I think the key point on -- the -- the -- the key point on the Parker/Solem analysis is, as your -- as Your Honor pointed out in that opinion, that those are not -- that that analysis doesn't derive from anything special about -- about how much work Congress is doing. The reason the Court has always required plain text is because treaty rights are at issue and plain text is required to abrogate treaty rights and because sovereign rights are at issue and plain text is required to abrogate sovereign rights. So there's nothing magic about Parker and Solem in terms of whether they're dealing with surplus lands or not.
The key point in Parker and Solem is that plain text is required to do the kinds of transfers that are at issue here. And when you look at the plain text, I think this is a -- this case is even stronger than Your Honor's opinion in Parker for three main reasons.
First, of course, is that the tribe was not absent from the land in the same way that the tribe was in Parker. Second, the land here was allotted in -- almost entirely to the tribe -- to tribal members themselves, to Indians. And, third, Congress took steps in 1906 to preserve the tribe. And I guess the thing I would point to, Your Honor, when you ask about whether there are cases like this, I think this is stronger than case -- other cases because the question isn't just what did Congress fail to do but how much --",0,0
2019_18-9526,j__clarence_thomas,70,"Yes, Mr. Kanji, a brief question, and this is just -- it's not necessarily dispositive of this case, but I'm interested in your answer. Do you think a tribe can be effectively divested of title to land, to its land and its sovereignty, and still retain the status of reservation?",riyaz_a_kanji,"Well, under the Enabling Act, yes, the -- the transfer to the state was of cases that would arise under state law.
What the federal courts retained were cases arising under federal law.
And that, of course, included the Major Crimes Act and the -- and the General Crimes Act.",2,0
2019_18-9526,j__clarence_thomas,72,Thank you.,riyaz_a_kanji,"It's a -- it's a critically interesting question, Your Honor. All -- all disestablishment cases involve a transformation of title.
Whether we're talking about trust cases or fee pay cases, Congress was getting rid of communal proper -- title and transferring title to individuals. So the question this Court resolves in that regard is whether Congress also meant to go beyond that and alter reservation boundaries which were so there.
And, here, where we simply are talking about the allotment and the opening up of small town sites to non-Indian settlers, that falls squarely into the rubric that this Court has designed where reservations have remained intact. With respect to sovereignty, if a sovereignty was to be completely divested -- and that's not what happened here -- but, if it was, I think the question this Court would ask is whether the federal government still meant to maintain the reservation for its own purposes. If it didn't, then the reservation would dissolve.
Here, if the tribe had been dissolved, the treaties make very clear that the reservation itself would have evaporated, but -- but -- and -- and I understand this is not the premise of your question, that is not what took place here.
The 1901 and 1906 acts clearly maintained a quantum of tribal governmental power.",2,0
2019_18-9526,j__clarence_thomas,119,"Yes.
Counsel, the -- I'm very interested in your point that this -- we should characterize this as a dependent nation.
First -- I'd like you, first, to say whether -- why you think that and why it matters. And -- and opposing counsel seems to think that it's irrelevant and, as he said, as I recall, that it's also wrong, your assessment of that.
So it gives you an opportunity to both respond to that and to explain to us why it is important.",mithun_mansinghani,"See, I think that definition would completely make 1151(b) surplusage.
It would read it right out of the statute.
What this Court said in Venetie is that tribes with land in fee are ""unalike Indians living on reservations,"" citing Sandoval, which compares the -- the -- the Pueblos, who had a dependent Indian community, as essentially the same as the Five Tribes. And in Creek Nation, this Court said that the Five Tribes had a fee simple, not the usual Indian right of occupancy, which is what is typical of reservations, and it was a dependent Indian community. And then Congress went out and codified Sandoval as a -- as a type of land status separate and apart from reservations, which is what this Court held in Venetie.",1,0
2019_18-9526,j__clarence_thomas,150,"Yes, thank you. Mr. Kneedler, the -- in Solem and Parker, we had clear reservations, the -- the -- and it was pretty standard, and then you had an effort to dispose of or to alienate surplus land. Here, this is entirely different. Have you seen a case like this in which we have applied the Solem and Parker framework?",edwin_s_kneedler,"Yeah, I think it's -- I think it's significant and I think it strongly supports disestablishment here. The -- the tribe had fee ownership as part of setting aside the territory for its nation to be undisturbed, and the -- and the treaties provided that no territory or state would be created there. So, after all the non-Indians moved on to the territory, Congress concluded that was untenable and it had to break up the Nation, and that included both the fee and the -- and the sovereignty. And so what -- when Congress provided for allotment, the tribe specifically ceded its interest in the land, conveyed its interest in the land to the individuals.
And because the fee was the hallmark of their sovereignty, what made them separate, the tribe's own conveyance of the fee to individual members and extinguishment of all interest in it extinguished their sovereignty at the same time.",2,0
2019_18-9526,j__clarence_thomas,152,Thank you.,edwin_s_kneedler,"I -- I have not.
And the point you made earlier that Congress -- in all those earlier cases, the Court was really trying to discern the consequence of a surplus land act standing alone.
Here, you have other statutes that specifically address those consequences. Each of those cases arose in deciding whether federal law would apply or state law would apply.
Here, Congress answered that question directly.
There's no need to infer that from the Surplus Lands Act alone. Congress, in preparation for statehood, provided that the same laws would apply to Indians and non-Indians and then turned over a territory with those attributes to the new state.
And immediately upon statehood, when that compact of statehood was entered into, the state courts started to exercise jurisdiction over -- over Indians in that territory, in fulfillment of Congress's preparation. And that was done pursuant to an act of Congress.
It's not simply a consequence of -- of surplus -- of surplus lands.
All of that is a consequence of Congress's preparation for statehood.",2,0
2019_19-267,j__clarence_thomas,9,"Yes, counsel, how would you -- how exactly would you go about, or a secular court go about, determining whether an employee's duties and functions are religious or whether they're important?",eric_c_rassbach,"So -- so I -- I don't think it -- it does.
Hosanna-Tabor rejected the idea that there was a problem with non-Lutherans teaching Lutheran doctrine to Lutheran kids at a Lutheran school.
And, ultimately, religious bodies get to decide who best performs those important religious functions, and courts really shouldn't be in the business of second-guessing that. I would point the Court to some of the briefs, for example, the Stephen Wise Temple brief, which talks about how difficult it would be for Jewish entities if they could not hire non-coreligionists.",0,1
2019_19-267,j__clarence_thomas,11,Thank you.,eric_c_rassbach,"Well, I -- I think -- I think the -- the best way to think about it is, with respect to the religious part of it, I think you -- you have to -- you can look at the -- the list of things that this Court talked about in Hosanna-Tabor, so teaching, preaching, as well as the -- the list that was in the concurrence by Justice Alito, and look at those as a kind of safe harbor in terms of, if one of those things is present, then -- then it clearly is an important religious function. But then, if you -- if you -- let's say you have something where the church is -- or the religious defendant is raising some other thing as an important religious function, then I think you probably -- you -- you would -- you would have to look -- do some deference to the church's understanding of that. So -- and -- and this is pointed out actually in the brief by Professor McConnell where he talks about substantial deference on both the importance question and the religious question.",0,1
2019_19-267,j__clarence_thomas,90,"Yes.
Counsel, my question is similar to that.
I am perplexed as to what you do, for example, with the chemistry teacher who starts class with the Hail Mary or the theology teacher -- or the chemistry teacher who's a nun who starts class with -- chemistry class with the Hail Mary, or the lay teacher who teaches religion but does it in a very straightforward, objective way. How would you handle those? I -- I don't see how -- what standards a secular court would use to determine which of those is a function, an important duty or function, religious duty or function.",morgan_l_ratner,"Well, Mr. Chief Justice, with respect to the first part of your question, we do think the Court left open in Hosanna-Tabor what is the appropriate methodology here.
It said that expressly and repeatedly. And we think the reason why the function is the best approach is, as I mentioned, it -- it advances the purposes identified in Hosanna-Tabor.
The -- the way that one would determine whether this is an important religious function is first by looking to the categories set out in Hosanna-Tabor and particularly if the Court were to pick up the additional elaboration in Justice Alito's concurrence.
Then we're talking about things like preaching, teaching, worship, leadership, and rituals. You have a pretty defined set that we think would cover the mine run of cases in this area.
So it's not going to be an exceptionally indeterminate analysis.
Just to underscore that, this is a concept that has been around in the lower courts since the 1980s.
And so, again, it's not something that we're invented -- inventing here or that these courts are going to significantly struggle with.",2,1
2019_19-267,j__clarence_thomas,92,Thank you.,morgan_l_ratner,"Sure, Justice Thomas.
So we think that the important religious functions are those of the type that I mentioned before, and then the question in some of these cases that have been hypothesized is just, is that really a meaningful part of a person's job or, as Petitioner's counsel called it, is that just a de minimis part of a person's job? If that job is in one of your hypotheticals teaching religion, then, of course, the answer is yes.
If that job is teaching something secularly and we're talking about one prayer, then the -- the answer may not be yes. But, if -- if I could give the Court some comfort on this, there really has been three main buckets of recurring claims since Hosanna-Tabor, and that's been principals and teachers of religious schools, worship musicians, and leaders of religious congregations.
Those are the ministerial exception claims that we see again and again. And we think all of those would be resolved or at least this Court would set a clear path forward if it were to adopt a function-focused approach.",2,1
2019_19-267,j__clarence_thomas,148,"Yes.
Thank you, Chief Justice. Mr. Fisher, just first a just general question.
Would exactly what these teachers were doing be a violation if they did it in a public school, be a violation of the Establishment Clause if they did it in a public school?",jeffrey_l_fisher,"Thank you, Mr. Chief Justice.
Just so that our position is to be absolutely clear is the Court should adhere to the multi-factor framework that Hosanna-Tabor laid out, which starts with what we would call objective factors. Yes, one of those factors is the formal title of the individual but also things like the individual's training, whether the individual has to be of the same religion, et cetera, we think are good places for courts to start because, as the Court has mentioned, the entanglement problems here are extraordinary once a court turns to assessing religious doctrine and what is important and what -- how religious values come into play. So, Mr. Chief Justice, you asked also about manipulation.
I think you've actually had a little bit of a case study in the last eight years since Hosanna-Tabor was announced, and what you see in the guides that we cite at pages 35 to 37 of our brief is religious employers looking to claim broad protection of the ministerial exception are being told to put things into their handbooks about the importance of the religious functions of the employees and to assign them daily prayer activities and the like. They're not being given special titles and the like, and we think the reason why is that titles themselves, even on their own terms, are meaningful things.
You can look across all sectors of American society, including churches, to see that. But, again, Mr. Chief Justice, we wouldn't rely solely on titles.
We would just say it's an important thing to start with titles, just like the Court did in Hosanna-Tabor.",1,1
2019_19-267,j__clarence_thomas,150,"Well, let's -- I don't want to cut you off, Mr. Fisher, but what if they -- it's my understanding they actually led them from time to time in prayer or took them to service, things like that. That's what I mean.
Just let's take not the sort of the minimal performance of their duty but sort of their standard week-to-week performance, what could they do at the local public school?",jeffrey_l_fisher,"Well, Justice Thomas, I think there's a yes-and-no answer to that.
I think some of the religious teaching might step over the line, but, of course, it's commonplace for religion to be taught in public schools. And let me -- let me clarify one thing that came up in the first half of the argument with Mr. Rassbach, for example, about teaching devotionally in a religious school.
The document Lay Catholic -- Lay Teachers in Catholic Schools, which is cited in the other side's amicus briefs as kind of the touch point for what it means to teach Catholicism as a lay person, tells Catholic teachers that when they're -- even when they're in public schools, they should teach devotionally. So it's not simply the idea that a Catholic person is supposed to be a witness of the faith or even try to persuade other people to become Catholic.
That would be somehow different in a religious school --",1,1
2019_19-267,j__clarence_thomas,152,"But don't you think it's a bit odd that -- that things that would violate the Establishment Clause, when done in a public school, are not considered religious enough for free exercise protection when done in a parochial school?",jeffrey_l_fisher,"I think, Justice Thomas, the answer to that is -- is no, the prayer and worship would step over the line.
But I don't think that tells you anything meaningful for in terms of what a minister is, because if prayer and worship were enough, then you'd have not just the football coach or the administrator who gives the morning prayer over the loudspeaker in school, but you'd have the nurses in Catholic hospitals, you'd have the teenagers at summer camps who are camp counselors who lead their campers in a prayer every night. So prayer is one thing to look at, but, Justice Thomas, we don't think it's enough to make somebody a minister.",1,1
2019_19-267,j__clarence_thomas,154,"So the -- you -- you rely somewhat on the, as the Chief Justice said in a non-pejorative way, ministerial designation.
How would you determine that, especially when we look at these non-hierarchal religions that do not use priesthood or pastor and that sort of a -- a designation?",jeffrey_l_fisher,"Well, Justice Thomas, I wholeheartedly agree that free exercise protection is available in this case.
And I want to make clear that any religious reason for firing these teachers or for otherwise regulating the teachers would be entitled to the highest free exercise protection. But what the other side needs to prove is that there's an Establishment Clause violation in this case with -- going forward. And we think that is something that requires more than simply leading people in prayer or the like.
It requires being a leader in the church. It requires not just being a member but a -- a person in who the stewardship of the congregation has been placed. And that's what raises the kind of Establishment Clause problem we think the ministerial exception is concerned with.",1,1
2019_19-715,j__clarence_thomas,16,"Yes.
Thank you, Chief. Counsel, the -- I'm very interested, do you think that there are any implied powers for the Congress to request or to subpoena private documents?",patrick_strawbridge,"Well, Your Honor, we distinguish them in a number of ways. With respect to Watergate and Whitewater, obviously, those are cases of relatively recent vintage.
And in separation of powers disputes, this Court has generally, such as in Noel Canning, looked back for a much longer precedent for the type of issue that needs to be decided, examples of -- of the encroachment upon the separation of powers. And the recent examples, there are just a handful of them that the House identifies are two recent, you know, under that -- under that stricture, as the Court recognized in Southwest General. Now it's also important to note that almost all of those cases, I think all of those cases actually involve cooperative efforts.
And as the -- as the Court recognized below, consent is not the measure of constitutionality.
In none of those cases was there a challenge to the scope or to the -- to the power of the legislative committee in that case to request those documents. And I think Whitewater --",0,0
2019_19-715,j__clarence_thomas,18,"Okay.
Would you define what you mean by that limited power?",patrick_strawbridge,"I think that there might be limited powers in some cases for the House to subpoena private documents, although the Court has been very clear in Watkins and a number of other cases that Congress lacks any power to just inquire --",0,0
2019_19-715,j__clarence_thomas,20,"Well, it said --",patrick_strawbridge,"Well, I think -- I think that we -- we don't quarrel with the general notion that Congress has some implied power to exercise its legislative powers.
And we don't -- and we recognize that in some cases Congress has been able to seek information that would be directly relevant to its consideration of potential legislation. But, as the D.C. Circuit recognized in Senate Select Committee and Judge Livingston recognized below, most often, that's going to take the view of forward-looking information, perhaps aggregated information, and not an attempt to, you know, reassemble a precise factual history --",0,0
2019_19-715,j__clarence_thomas,22,"-- in the D -- in the D.C. Circuit opinion, it says that this sort of information or subpoena should be requested under the impeachment power. What's the line between the -- a subpoena, a legislative subpoena, and a -- an impeachment-related subpoena?",patrick_strawbridge,-- of precisely what --,0,0
2019_19-715,j__clarence_thomas,76,"Mr. Wall, what if, following up on the Chief Justice's question, what if it was clear from those statements that you reviewed that their intention was actually to remove the President from office rather than the sort of pretextual reason that it is for legislative -- pre-textual legislative reasons?",jeffrey_b_wall,"No, Mr. Chief Justice.
I want to be clear.
I don't think any of that would be permissible. All we are saying is that you should review the subpoena on the basis of the contemporaneous objective record that is the basis for the legislative subpoenas themselves. So we have not in our brief turned to legislative statements.
We haven't said that they should be able to get discovery into their mental processes or anything of the like. We have said that Chairman Cummings' memo shows the objective purpose's wrongdoing, but more important, I would just point to the mismatch between the breadth and duration of the subpoenas and their asserted purposes. I think, with respect to all three, they -- they don't -- they're just -- they don't match up with what the committees say they're doing if you look at the information they're seeking.",2,0
2019_19-715,j__clarence_thomas,78,Thank you.,jeffrey_b_wall,"I -- I do think, if you look at the statements, and we haven't urged that, but if you do, yes, I -- I think they make clear that the subpoenas are not in aid of valid legislation. That's the only enumerated power to which Congress has pointed here.
The House has not relied on impeachment.
And so you would simply just say the subpoenas are invalid. And to tie that into Justice Gorsuch's question earlier, I -- I think we're not asking to go back and look at -- at what they said or probe their mental processes.
I'm just saying, if you look at pages 46 and 54 of the red brief and you look at what they actually say about their intended legislative proposals and then why they need the document, it's paper thin. They don't give you any specifics on what they're thinking about doing or any specifics on why they need the documents.
And that's not an accident.
It's not the product of carelessness or thought -- thoughtlessness.
It is because the purpose here is to expose wrongdoing.
And the House has never really tried to substantiate why it needs these documents in service of its legislative powers.",2,0
2019_19-715,j__clarence_thomas,131,"Yes.
Thank you, Chief Justice. Mr. Letter, I'd like you to discuss the -- how the power, the legislative subpoena power, is implied or how we arrive at that power, because I think that's part of why we're wandering around in the wilderness trying to determine what standards we are to use.",douglas_n_letter,"Yes, I do, Your Honor. And I'm -- by the way, the test that I'm referring you to was the test that this Court had set about pertinent to a legislative purpose.
But, Your Honor, it's -- it's what this Court said in Nixon versus GSA and a -- and a number of other cases. Congress -- there would be a limit if Congress is interfering with the President's ability to carry out his Article II functions. No such claim has been made here, nor, obviously, can it be made given --",1,0
2019_19-715,j__clarence_thomas,133,"Can you give an example, another example of a power that -- a legislative power that is implied?",douglas_n_letter,"Your Honor, this -- this Court has explained in -- in quite a few cases -- I think Watkins, Barenblatt, others -- that the Congress's legislative power, which -- I mean investigative power, which stems from the British parliament's power, is an obvious and integral part of legislation. We obviously can't have Congress passing legislation in -- in ignorance.
And this Court has said, for instance, most recently in Franchise Tax Board, that just because a power is -- is something to be implied doesn't mean that it's not important. For instance, this Court's power of judicial review, that's nowhere mentioned in the Constitution.
So the -- the power to investigate --",1,0
2019_19-715,j__clarence_thomas,135,"That's okay.
The -- can you give me the earliest example you have of Congress issuing a legislative subpoena?",douglas_n_letter,"The -- the -- I'm sorry, Your Honor, I'm not coming up with something right now off the -- the tip of my tongue.",1,0
2019_19-715,j__clarence_thomas,137,What's the first example of Congress issuing a legislative subpoena to a private party for private documents?,douglas_n_letter,"The -- the Congress investigated the -- the St. Clair expedition. It didn't actually issue a subpoena in that case but its equivalent of the time.
And President Washington consulted with his closest advisors and decided to provide Congress with every single thing that it requested. So that was just several years into the --",1,0
2019_19-715,j__clarence_thomas,139,Thank you.,douglas_n_letter,"The -- I'm sorry, Your Honor.
The -- the Watkins decision has a lengthy discussion of that.
I don't have off the top of my head the very first one.
But my memory is that this Court describes that in great detail in Watkins.",1,0
2019_19-715,j__clarence_thomas,215,"Yes.
I'd like to follow up on that, Mr. Chief Justice. Mr. Letter, the -- that's -- you know, at some point, there's a straw that breaks the camel's back, and it seems as though you're saying that we should look at these in isolation as opposed to in aggregate -- in the aggregate. Why wouldn't we look at all of them and look at the -- the full effect and whether at some point it debilitates the President?",douglas_n_letter,"Your Honor, I think what you would do is, if these were subpoenas from the House and the Senate, a massive number of them, going to the -- the White House, then there certainly would be at a certain point where it would affect the ability of the White House and the President to function.
There's no doubt about that. But these subpoenas are to three private businesses involving --",1,0
2019_19-715,j__clarence_thomas,217,"Why would it be limited to the House and the Senate? I mean, it could be every grand jury.
It could be every prosecutor.
The concern that we had in the Clinton case is, at some point, this thing -- it gets out of control, as one -- one could be manageable, but 100 could be impossible.",douglas_n_letter,"Your Honor, I'm sorry, I -- I must have misspoken.
I meant to answer the Chief Justice's question by saying, yes, if there are a massive number of subpoenas from the House and the Senate to the White House, and -- and the White House can come in and say: Look, we -- we can't do anything.
All we're doing is answering subpoenas all day long.
This is -- is impacting the ability of the President to do his job.",1,0
2019_19-715,j__clarence_thomas,220,"Well, I think we all know it's about the President.",douglas_n_letter,"And Your -- Your Honor is right.
And, therefore, if there were -- if our subpoenas were on top of numerous others from grand juries around the United States, you could look at that.
But let me emphasize one more time, our subpoenas are -- the three are not to the President.
They are to private business entities.
Nothing is required of the President here to -- for these subpoenas to be fully complied with.
Not a single thing is required of the President or the White House.",1,0
2019_19-635,j__clarence_thomas,15,"Yes, counsel, just a couple of questions.
I'm interested in whether or not you can point us to some express language at the founding or during the ratification process that provides for this immunity.",jay_alan_sekulow,"Well, Clinton versus Jones, of course, was in federal court.
This is in state court. Clinton versus Jones was a civil case. This is a criminal case.
And as this Court noted on page 691 of its opinion, if, in fact, the Clinton versus Jones case had originated in a state court proceeding, it would raise different issues than separation of powers, concerns over local prejudice, and in Footnote 13, this Court said that any direct control by a state court over the President may implicate concerns that are different than either branch disputes under separation of powers.
So it would be a --",0,1
2019_19-635,j__clarence_thomas,17,Does it make a difference when a subpoena goes to a third-party?,jay_alan_sekulow,"Well, there -- there's a couple.
There was a colloquy between Vice President -- well, ultimately, Vice President Adams and Senator Ellsworth where they talked about process against the President and they took the position that any process against the President would be constitutionally problematic. Thomas Jefferson, of course, wrote in the letters he had regarding subpoenas that were issued in the Burr trial that allowing local magistrates to banter about a sitting President from north to south and east to west would interfere with the President's responsibilities. And as this Court just -- in the previous argument just stated, the burdensome nature of this is categorical.
It's not -- you can't just look at the one subpoena.
It is the potential for 2300 DAs, or just 1 percent of them, 23 DAs, issuing process against a president. But the concern over interference from our founding with the President's responsibilities was discussed, and that's why in the Constitution there's process to deal with it.",0,1
2019_19-635,j__clarence_thomas,19,Thank you.,jay_alan_sekulow,"Certainly not here. Number one, they've -- the Respondents have either forfeited or waived it.
They have conceded in their brief that they -- they are seeking the President's documents.
These are the President's documents.
He is the real party in interest, and he has the burden, including review with his counsel, over any existing privileges and what these documents might entail.",0,1
2019_19-635,j__clarence_thomas,101,"Yes.
General Francisco, the -- you mentioned the level of threat to the President or burden on the President.
How do we determine that, when it's too much?",noel_j_francisco,"Well, Your Honor, I think that in both instances the argument would be available to an article -- you -- you would be able to make that argument to an Article II federal court.
Under our argument, if the court found that the prosecutor hadn't met the Nixon special needs standard, it wouldn't need to address the broader immunity question. If it did find that the special -- that the district attorney met the special needs standard, it would have to then address the broader immunity question.
And all we are saying is that, unless and until the special need issue is addressed at the threshold, there's no need to address the broader immunity question in this case.",2,1
2019_19-635,j__clarence_thomas,103,Thank you.,noel_j_francisco,"Well, Your Honor, here, I think there are a couple of things that you can take into account. First, the fact that we're in state court, I think, is quite significant.
Local prosecutors are necessarily going to put more emphasis on local interests than national ones. It simply reflects the manner in which they rise to office through elections by local, relatively homogenous political communities. And in New York State, I would also add that the trial court judges are elected in a similar way. So, there, you've already got this risk of local prejudice.
And so what the special needs standard does is -- is that it ensures that there's a federal court that's available to balance the local interests against the national ones, including the President's need to do his job. And then, secondly, it also has to do with the ordinary grand jury rules that would apply to a local prosecutor exercising his authority.
Those rules were not designed to and they're not sufficient to protect Article II interests since, under ordinary grand jury rules, a district attorney never has to make a particularized showing of need. Instead, the burden is on the witness to show that the subpoena can have no conceivable relevance to any plausible subject of an investigation. Now that is a perfectly appropriate standard in the ordinary case, but the reason why Nixon applied the special needs standard above and beyond the ordinary rules of criminal procedure was because the Court recognized that the President is the sole person in whom all Article II powers are vested. And so he is entitled to a measure of protection above and beyond the ordinary rules. And the special needs standard is one of those measures of protection. To put -- point back to Justice Breyer's very persuasive concurrence in Clinton against Jones, I think Justice Breyer correctly predicted that this Court would need to develop special protective procedures precisely for the President in the context of litigation like this.",2,1
2019_19-635,j__clarence_thomas,160,"Thank you, Mr. Chief Justice. Mr. Dunne, you were about to say how DOJ's approach would harm the grand jury process.
Would you finish that?",carey_r_dunne,"Yes.
I -- I -- I think we believe that a prosecutor, if there's been an -- an affirmative showing by -- by a president of an Article II burden, and, of course, the courts have below held that there has not been such a showing here, but if in a different case there was such a showing made, we believe a prosecutor should be required to show, one, an objective basis for the investigation and, two, a reasonable probability the request would yield relevant information. We think language like that would be more consistent with past cases of this Court and with the realities of a grand jury investigation. And, frankly, the courts below also already found that we've met that standard here. The -- the problem is that the alternative of requiring a state prosecutor to get permission first from a federal judge for any request relating to a president's business activities would undermine this Court's prior rulings, like the one in R Enterprises that a grand jury shouldn't be burdened by procedural challenges and delays because it's a confidential process and not an adversarial proceeding.
And the DOJ's new standard just ignores that. The other problem --",1,1
2019_19-635,j__clarence_thomas,162,So what -- what limits a grand jury process in -- in New York? What are the limits?,carey_r_dunne,"Yes.
And I think I was just addressing that, Justice Thomas.
That is, you know, to require us in any given case to run to -- across the street to federal court and say, by the way, we have an investigation underway, it happens to touch on a president's prior business transactions in which he and others were involved in, and we'd like to get permission to send a subpoena for records that are in either the possession of a president or maybe the president's agents, like his accounting firm here, again, it completely upends the way that a grand jury process is supposed to work. If I might, the second big problem I think with the DOJ's analysis is that the language that they've chosen just doesn't work, contrary to why as to what I just set out, because it only applies in the context of a trial subpoena. It calls for a ""stringent showing"" that the request is ""directly relevant to central issues at trial and charging decisions."" Again, that language just doesn't apply in the context of a grand jury when no charging decisions have been made. So that's why the -- the formulation that we've suggested, I think, would be more consistent with what's needed in a grand jury context.
But, again, we think that is utterly unnecessary here to apply in our case because, A, there's already been a finding of no Article II burden, and, B, we have already met the standard by the -- by the district court's finding that our -- our investigation is well-founded and brought in good faith. So I don't think this --",1,1
2019_19-635,j__clarence_thomas,164,"What if you thought it was -- the President said it was impossible for him to do his job, as opposed to just being burdened? Would that -- would we have a role to limit or somehow end the grand jury process?",carey_r_dunne,"Well, the limits are, I think, the same basically as they are in federal court and most other states, Your Honor.
I mean, yes, a -- the recipient of a subpoena who has a basis to argue either a privilege or a burden of some sort has the right, as the President did here, to go into court and make those factual arguments that it's -- that's -- that either it should be quashed or -- or constrained in some fashion.
It is -- there is -- there's a grand jury judge who supervises all grand juries and their activities, who's always available here. But I think the more important point perhaps, Your Honor, is that, obviously, given the decision of the court of appeals below in this case, and to address that concern in that footnote in -- in -- in -- in Clinton, at this point, it's clear that a president, in particular, who has a concern about this kind of impact on Article II duties now always has the ability to go into federal court and not into state court, which was the main concern in that footnote in Clinton.",1,1
2019_19-635,j__clarence_thomas,166,Thank you.,carey_r_dunne,"Absolutely, Your Honor.
I mean, I think that's -- that's the point of the case-specific analysis, is -- is that it gives a -- a court, and here a federal court, to hear a concern like that expressed, and if the concern is -- you know, if somehow this shuts my office down or is -- is a real burden, it's not just a speculative mental distraction claim, then, yes, the courts are empowered to impose a wide variety of limitations, including, if necessary, to shut an investigation down or to shut a subpoena or a litigation down. That's the beauty of this Court's prior decisions in Nixon and Clinton and others, which have decided consistently to apply the case-specific analysis and -- and -- and have rejected the notion that this is best treated with a categorical prophylactic rule. I just think that that's not appropriate here when it's all so case-specific.",1,1
2019_19-635,j__clarence_thomas,254,"One brief question, Mr. Dunne.
There's been much discussion about burdens on the President.
I'd like from you a couple of specific examples of what you think a burden would be that actually counts in your analysis on the part of the President.",carey_r_dunne,"Yes, I know, Your Honor. And -- and, therefore, the answer in that case is what's happened here, which is a case-specific analysis before a court, which, as they do all the time, is able to balance and listen to arguments about burdens. And, as here, when the court finds there's no Article II burden whatsoever, after an opportunity to be heard, that should be the answer.
And -- and that's what's happened here.",1,1
2019_19-635,j__clarence_thomas,256,I understand that.,carey_r_dunne,"Well, I guess, Your Honor, again, hypothetically, because our -- our subpoena imposes, we say, no burden whatsoever.",1,1
2019_19-46,j__clarence_thomas,15,"Yes, Ms. Ross.
The -- a couple of questions. The -- could Booking acquire an 800 number, for ex -- that's a vanity number, 1-800-booking, for example, that is similar to, for -- 1-800-plumbing, which is a registered mark?",erica_l_ross,-- that the decision --,0,0
2019_19-46,j__clarence_thomas,17,"Well, the -- that -- that -- that could be true, but the -- I'd like you to compare this to Goodyear.
In Goodyear, you had a generic term, but you also had added a term such as company or inc., which any company could use. Now, with booking, here, there can only be one domain address "".com."" So this would seem to be more analogous to the 1-800 numbers, which are also individualized.",erica_l_ross,"So, Justice Thomas, under the Federal Circuit's decisions, yes, it could. Those decisions, I think, may -- are -- are sort of debatable under Goodyear and the principles that we think control here, but the Federal Circuit -- the PTO, rather, does follow those decisions because of the right of direct appeal to the Federal Circuit from PTO decisions. Now I think it's significant that those are distinguishable in the sense that the core problem with Booking.com is that it allows Respondent to monopolize booking on the Internet because of the fact that longer domain names of Respondent's competitors, like ebooking.com and hotelbooking.com, can include Booking.com.
That is not as obviously true of something like 1-800-booking.",0,0
2019_19-46,j__clarence_thomas,96,"Thank -- thank you, Chief. The -- just getting back to the Chief's question, Ms. Blatt, you -- you seem to rely almost exclusively on the primary significance test.
Do you need that test in order to prevail here?",lisa_s_blatt,"Yes.
So let me get to the third reason, which I think is the legal reason in terms of why it doesn't crowd out.
The more descriptive a mark is, the harder it is for that mark to show a likelihood of confusion, a requisite element in any infringement claim. And the ease with --",1,0
2019_19-46,j__clarence_thomas,98,Yeah.,lisa_s_blatt,"No, because, regardless of what you think of our test, the government can't be right because three statutory provisions that don't mention primary significance test overrule, repudiate, abrogate, and completely eradicate any notion that you could have a per se rule that would ignore what consumers think, which is why the Court in Qualitex didn't need some primary significance test; it just said you look at -- you don't have the common law per se bar against trademarking colors; it's just a factual question about what consumers think.
Do they find the mark useful? And so we -- we win under three provisions. I think the other problem, even putting aside those three provisions, Justice Thomas, is that there's a whole separate problem the government has, that there are two provisions that require courts to look to how consumers would view the mark as a whole and not its component parts. And so you can't just think because ""Wine Company"" -- ""wine"" is generic, ""company"" is generic, ""Wine Company"" is generic.
And that's the same, you know, with the word ""container"" and the word ""store."" You put the two together.
""Booking"" or "".com,"" you put the two together and you have to -- you have to look at the way consumers would view that as a whole. That also abrogates a per se rule. So you don't even need to mention primary significance to know that the government is wrong.
It just so happens that every court has always said the primary significance test governs.",1,0
2019_19-46,j__clarence_thomas,100,"So do you make a -- the government relies on Goodyear, and you say that, of course, there's been a sea change in trademark law since Goodyear, particularly with the Lanham Act. Would you just explain briefly how you think the Lanham Act has expanded the trademark law and what is protected and what is not protected?",lisa_s_blatt,"The PTO's manual says it. It's the test that was applied in this case. And if I could turn to something that I think is pretty devastating for the government, is their appendix. Their appendix of rejected marks is not based on Goodyear.
It's based on the primary significance test.
Go look at the records in ad.com, bedandbreakfast.com, bookkeeping.com, limousine.com, newspaperarchive.com.
There's no Goodyear. It's the primary significance that looks at extensive evidentiary record about how consumers would perceive the mark. Now our appendix is not -- it's the same.
It's not based on mistakes.
Weather.com, tickets.com, dating.com, wrestlingfigures.com, and another bed and breakfast mark, the PTO looked at extensive evidence.
It wasn't some lazy PTO officer.
It was someone looking at the primary significance test and saw, wow, I'm seeing that consumers really see weather.com as distinctive, it deserves registration. So the status quo is the primary significance test.
And that's what has been -- you know, I think this also should give the Chief and Justice Thomas some comfort that most marks flunk the primary significance test, but some don't.",1,0
2019_19-177,j__clarence_thomas,13,"Mr. Michel, the Respondent seems to argue that your guidelines on -- your affiliate guidelines actually support their argument.
What do you think of that?",christopher_g_michel,-- wanted to note --,0,1
2019_19-177,j__clarence_thomas,15,"When this case was here last, I seem to remember it was about the domestic organization.
The -- what has changed since it was here? The -- there was very little talk. The only time that affiliates actually came up was as an alternative to the enforcement procedures that were being used toward the domestic organizations then. So what has changed since this case was here last?",christopher_g_michel,"Justice Thomas, I -- I don't think that they do as -- as an initial matter and, even if they did, I think that would, at most, be a basis for challenging the guidelines, not -- not the constitutionality of the statute. And to start with the first point, the guidelines, which are reproduced at -- at pages 1A through 3A of our reply brief, simply provide that an entity can affiliate with a separate entity that has a different policy on prostitution and sex trafficking if it meets certain requirements, and -- and there are five non-exhaustive requirements spelled out there. Four of those would generally be satisfied by an entity that has legal separation.
So I think it would be a rare circumstance that these regulations would ever result in the denial of funding to a foreign affiliate. And -- and to make one related point, Respondents themselves are no longer subject to the policy requirement as a result of their prior decision in this case.
So, if they run afoul of these regulations, which simply interpret what it means to have a policy opposing prostitution and sex trafficking, these regulations can't be a mechanism for depriving the Respondents themselves of funds.",0,1
2019_19-177,j__clarence_thomas,17,Thank you.,christopher_g_michel,"Well, Justice Thomas, you're exactly right.
That was all that was at issue last time.
And the only thing that has changed is that Respondents have asked for broader relief. And although, you know, we fully accept the Court's prior decision, we -- we -- we submit that Respondents are simply not entitled to any further relief. As you suggest, there's nothing in this Court's decision that contemplates or suggests applying the -- the prohibition on applying the policy requirement to foreign entities overseas, so I think the Court ought to simply analyze the claim under first principles. And, as I said at the outset, I think two simple principles resolve the case. Respondents themselves are not subject to a funding condition, so they can't have an unconstitutional conditions claim, and the foreign entities that are subject to the funding condition have no constitutional rights, so they can't have an unconstitutional condition claim either. We do think that what Respondents are asking for is -- is unjustifiably bootstrapping this Court's prior decision into global relief, and we simply don't think there's any basis for that.",0,1
2019_19-177,j__clarence_thomas,76,"Yes, thank you, Chief Justice. The -- did you have an opportunity in the lower courts to discuss or debate what criteria would be used to determine whether or not the two organizations merge or are close -- affiliated closely enough so that the First Amendment rights apply domestically?",david_w_bowker,"I think the -- the right test here is the risk of attribution.
As this -- as this Court recognized in 2013, there can be a risk of attribution across corporate lines where the entities in question are so clearly identified, as they are here. I think the -- the practical control point is even stronger when those entities speak together with one voice and make their speech and policy decisions together.",1,1
2019_19-177,j__clarence_thomas,78,"Well, if you went that far, could you give us just -- give us a recap of what the criteria would be for that affiliation that would be close enough?",david_w_bowker,"We did, Your Honor. Judge Marrero gave the parties an opportunity to both submit voluminous materials into the record and to explain to him the relationship between these entities. I think, here, what's important is there is no dispute about the relationship here. These entities are clearly identified with one another.
There's no dispute that they share a name, brand, logo, mission, and voice. And I think critically here there was a two-year period where we worked hard to try to settle this case with the government.
We provided extensive factual information to the government during that period.
We also provided lists of the entities involved, and we offered to stipulate to a definition, and the government rejected that -- that effort by us. But we -- we did make a full effort in the district court and then separately with the government to come to terms on this issue.",1,1
2019_19-177,j__clarence_thomas,80,"The -- I understand that.
So the one final question, and I know you've covered this, but it would be helpful if you would give us a recap of what precisely you think your injury is.",david_w_bowker,"Yeah, absolutely.
I think, here, the test should be organizations that are part of a global network that share names, brands, logos, missions, and voices.
And I -- I think the reason that that's the right test is because we're talking about attribution by the reasonable observer. As this Court has recognized in a long line of cases that Justice Sotomayor mentioned and that Justice -- Justices Alito and -- and Breyer previously discussed, a long line of cases recognized that there can be attribution across corporate lines, especially with tightly knit international organizations like these.",1,1
